id;nom_avis;prenom_avis;photo_avis;description_avis;date_avis
1;Limousin Incredible;group Charlemagne Salad;b Card Licensed;Fish Account killer;Coordinateur
2;Joubert b Cotton;Chair;Chat-qui-PÃªche auxiliary Superviseur;Small (EURCO) Directeur;e-tailers users bandwidth
3;Pastourelle;Lithuanian Awesome Soft;Digitized;Buckinghamshire synthesizing Fully-configurable;methodologies Ball
4;Vaneau Luxembourg;programming;bus array secured;superstructure;payment haptic Sausages
5;payment port;bifurcated Generic Afghanistan;user-facing payment;Metal encoding;redundant engine
6;Wooden;Buckinghamshire Champagne-Ardenne;optical virtual;protocol coherent digital;Hat
7;Oro;Music architecture;up;Focused;Awesome Charlemagne product
8;invoice Health;sensor;Fresh;initiatives SSL synergize;Ergonomic
9;Upgradable expedite Beauty;enable Cheese d'Assas;Gorgeous;Frozen Metal Bonaparte;a intuitive
10;du;Licensed;Granite;Denar;JSON generate de
