id;geolocalisation;nom;prenom;mail;message
1;a applications;connecting incubate;Iran synthesizing payment;Cambridgeshire payment;d'Al√©sia Barbade
2;compressing a administration;neural networks;Chair;Ergonomic context-sensitive;Dollar)
3;Electronics open-source;Incredible magenta;homogeneous process magenta;Leone;Tuvalu convergence
4;robust Garden Jewelery;channels Architecte;calculating Fantastic;Pastourelle;a
5;Chili Shoes Personal;Consultant;secured;Inverse architect;e-markets Account
6;withdrawal Awesome;Lorraine;Industrial;Assimilated capability fresh-thinking;Syrian
7;Yen;Architecte Licensed;Fresh withdrawal Auvergne;Garden Rubber;back-end Islands cross-media
8;b;b;Superviseur Loan SCSI;convergence Mouffetard program;withdrawal input Peso
9;Plastic a c;index Corse;la a;Granite analyzing Poitou-Charentes;Buckinghamshire Outdoors
10;Montorgueil Russian;a;c User-friendly up;mindshare;CSS SAS turquoise
